{"cameraMode":{"drawMode":0,"name":"Shaded","section":"Shading Mode"},"sceneLighting":true,"audioPlay":false,"sceneViewState":{"m_AlwaysRefresh":false,"showFog":true,"showSkybox":true,"showFlares":true,"showImageEffects":true,"showParticleSystems":true,"showVisualEffectGraphs":true,"m_FxEnabled":true},"in2DMode":false,"pivot":{"x":-1.4546754360198975,"y":9.033831596374512,"z":-4.259210109710693},"rotation":{"x":0.3609589636325836,"y":-0.009794228710234166,"z":0.003799303201958537,"w":0.9325448274612427},"size":2.525247097015381,"orthographic":false}